List_Number,Simple_Name,Simple_Name_With_Epithets,Full_Name,Broad_Dynasty,Family_Name,Reign_Start,Reign_End,Reign_Length_Years,Summary,Co_Emperor_Notes,Image_URL,Difficulty,Effectiveness,Local_Image,Composite,Wiki_Length,Wiki_Views,Length_Rank,Views_Rank,Wiki_Score
1,Constantine I,Constantine I the Great,Flavius Valerius Constantinus,Constantinian,Constantinus,306,337,31,Sole emperor from 324. Moved the imperial capital to Constantinople in 330. Issued the Edict of Milan granting religious tolerance. Presided over the Council of Nikaia in 325.,"Co-ruled with Licinius 313-324; sons Constantinus II, Constans, and Constantius II made Caesars",https://upload.wikimedia.org/wikipedia/commons/thumb/c/c8/Statua_di_Costantino_ai_musei_capitolini.jpg/500px-Statua_di_Costantino_ai_musei_capitolini.jpg,11,20,images/001_.jpg,84.0,180856,4576,1.0,1.0,1.0
2,Constantius II,Constantius II,Flavius Julius Constantius,Constantinian,Constantinus,337,361,24,Son of Constantine I. Sole emperor from 350. Favored Arian Christianity. Fought the Persians repeatedly.,Co-emperor with brothers 337-350; appointed Julian as Caesar 355,https://upload.wikimedia.org/wikipedia/commons/thumb/3/30/Bust_of_Constantius_II_%28Mary_Harrsch%29.jpg/500px-Bust_of_Constantius_II_%28Mary_Harrsch%29.jpg,6,10,images/002_.jpg,52.0,68764,716,7.0,8.0,7.5
3,Julian,Julian the Apostate,Flavius Claudius Julianus,Constantinian,Constantinus,361,363,2,Last non-Christian emperor. Attempted to restore traditional religion. Killed on campaign against Persia.,Caesar under Constantius II from 355; proclaimed Augustus by his troops in 360,https://upload.wikimedia.org/wikipedia/commons/thumb/4/49/Juliancng8851obverse.jpg/500px-Juliancng8851obverse.jpg,10,12,images/003_.jpg,50.0,110060,1170,2.0,4.0,3.0
4,Jovian,Jovian,Flavius Jovianus,Non-dynastic,Non-dynastic,363,364,1,Elected by the army after Julian's death. Made an unpopular peace with Persia ceding Nisibis. Died of uncertain causes after eight months.,Sole emperor; no co-rulers,https://upload.wikimedia.org/wikipedia/commons/thumb/c/c4/Solidus_of_Jovian2_%28obverse%29.jpg/500px-Solidus_of_Jovian2_%28obverse%29.jpg,12,10,images/004_.jpg,54.0,909,35,79.0,82.0,80.5
5,Valens,Valens,Flavius Valens,Valentinianic,Valentinianus,364,378,14,"Eastern emperor, brother of Valentinian I. Allowed the Visigoths to settle inside the empire under poor conditions, leading to revolt. Killed at Adrianople in 378.",Co-emperor in the east under arrangement with Valentinian I,https://upload.wikimedia.org/wikipedia/commons/thumb/f/fc/INC-3015-a_%D0%A1%D0%BE%D0%BB%D0%B8%D0%B4._%D0%92%D0%B0%D0%BB%D0%B5%D0%BD%D1%82_II._%D0%9E%D0%BA._364_%D0%B3._%28%D0%B0%D0%B2%D0%B5%D1%80%D1%81%29.png/500px-INC-3015-a_%D0%A1%D0%BE%D0%BB%D0%B8%D0%B4._%D0%92%D0%B0%D0%BB%D0%B5%D0%BD%D1%82_II._%D0%9E%D0%BA._364_%D0%B3._%28%D0%B0%D0%B2%D0%B5%D1%80%D1%81%29.png,11,6,images/005_.png,43.0,47541,477,17.0,12.0,14.5
6,Theodosios I,Theodosios I the Great,Flavius Theodosius,Theodosian,Theodosios,379,395,16,Last emperor to rule a united empire. Made Nicene Christianity the state religion in 380. Defeated multiple usurpers. Divided the empire between his sons at death.,Co-ruled with Valentinian II and Gratian; divided empire between sons Arkadios and Honorius,https://upload.wikimedia.org/wikipedia/commons/f/f7/Bust_of_Theodosius_I.jpg,16,16,images/006_.jpg,80.0,106066,1489,3.0,3.0,3.0
7,Arkadios,Arkadios,Flavius Arcadius,Theodosian,Theodosios,395,408,13,"Eastern emperor, son of Theodosios I. Weak ruler dominated by court factions. Oversaw expulsion of John Chrysostom.",Eastern Augustus from 383; co-emperor with father until 395,https://upload.wikimedia.org/wikipedia/commons/thumb/7/75/Arcadius_Istanbul_Museum.JPG/500px-Arcadius_Istanbul_Museum.JPG,8,5,images/007_.jpg,31.0,33009,398,34.0,17.0,25.5
8,Theodosios II,Theodosios II,Flavius Theodosius,Theodosian,Theodosios,408,450,42,Built the Theodosian Walls. Convened the Council of Ephesos. Issued the Theodosian Law Code in 438. Largely dominated by his sister Pulcheria and senior officials.,Sole eastern emperor; western emperors ruled simultaneously,https://upload.wikimedia.org/wikipedia/commons/thumb/2/26/Theodosius_II_Louvre_Ma1036.jpg/500px-Theodosius_II_Louvre_Ma1036.jpg,9,13,images/008_.jpg,57.0,31727,490,37.0,11.0,24.0
9,Markianos,Markianos,Flavius Marcianus,Theodosian,Non-dynastic,450,457,7,Military officer who married Pulcheria to gain the throne. Refused tribute to Attila. Presided over the Council of Chalkedon in 451.,Sole eastern emperor; western emperor Valentinian III ruled simultaneously until 455,https://upload.wikimedia.org/wikipedia/commons/3/39/Solidus_of_Marcian.png,12,12,images/009_.png,60.0,61167,322,9.0,26.0,17.5
10,Leo I,Leo I the Thracian,Flavius Valerius Leo,Leonid,Leo,457,474,17,First emperor crowned by the Patriarch of Constantinople. Broke the power of the general Aspar. Disastrous naval expedition against the Vandals in 468.,Made his grandson Leo II co-emperor shortly before death,https://upload.wikimedia.org/wikipedia/commons/thumb/f/fb/Leo_I_Louvre_Ma1012_n2.jpg/500px-Leo_I_Louvre_Ma1012_n2.jpg,8,11,images/010_.jpg,49.0,21048,332,55.0,24.0,39.5
11,Leo II,Leo II,Flavius Leo,Leonid,Leo,474,474,1,"Grandson of Leo I, child emperor. Co-ruled briefly with his father Zeno. Died young.",Co-emperor with grandfather Leo I; made his father Zeno co-emperor,https://upload.wikimedia.org/wikipedia/commons/thumb/8/8b/Solidus_of_Leo_II.png/500px-Solidus_of_Leo_II.png,6,8,images/011_.png,36.0,776,3,80.0,88.0,84.0
12,Zeno,Zeno,Flavius Zeno,Leonid,Non-dynastic,474,491,17,"Isaurian emperor. Sent Theoderic the Ostrogoth to Italy. Issued the Henotikon attempting to resolve Christological disputes, causing the Acacian Schism with Rome.",Initially co-emperor under Leo II; displaced by Basiliskos 475-476,https://upload.wikimedia.org/wikipedia/commons/thumb/5/50/Solidus_of_Roman_emperor_Zeno.jpg/500px-Solidus_of_Roman_emperor_Zeno.jpg,15,16,images/012_.jpg,78.0,2519,54,78.0,79.0,78.5
13,Basiliskos,Basiliskos,Flavius Basiliscus,Non-dynastic,Basiliskos,475,476,1,Brother-in-law of Leo I who briefly seized power while Zeno fled. Supported Miaphysite theology. Overthrown when Zeno returned.,Usurper; made his son Marcus co-emperor,https://upload.wikimedia.org/wikipedia/commons/thumb/3/3e/Solidus_of_emperor_Basiliscus.jpg/500px-Solidus_of_emperor_Basiliscus.jpg,8,6,images/013_.jpg,34.0,55466,227,12.0,44.0,28.0
14,Anastasios I,Anastasios I,Flavius Anastasius,Non-dynastic,Non-dynastic,491,518,27,Civil servant who married the empress Ariadne. Sound financial administrator. Miaphysite sympathies caused religious unrest. Strengthened the Danube frontier.,Sole emperor,https://upload.wikimedia.org/wikipedia/commons/9/92/Flavius_Anastasius_Probus_01c_%28Anastasius_I%29_%28cropped%29.JPG,10,18,images/014_.jpg,74.0,32657,334,35.0,23.0,29.0
15,Justin I,Justin I,Flavius Iustinus,Justinianic,Justinianus,518,527,9,"Illiterate Macedonian peasant who rose through the army. Orthodox in religion, ending the Acacian Schism. His nephew Justinian effectively co-ruled and succeeded him.",Made Justinian I co-emperor shortly before death,https://upload.wikimedia.org/wikipedia/commons/thumb/2/20/Solidus_of_Justin_I_%28obverse%29.jpg/500px-Solidus_of_Justin_I_%28obverse%29.jpg,2,15,images/015_.jpg,49.0,33397,362,33.0,21.0,27.0
16,Justinian I,Justinian I the Great,Flavius Petrus Sabbatius Iustinianus,Justinianic,Justinianus,527,565,38,"Reconquered North Africa, Italy, and part of Spain. Issued the Corpus Juris Civilis. Built Hagia Sophia. The Justinianic Plague devastated the empire from 541.",Made his cousin Justin II co-emperor near end of reign,https://upload.wikimedia.org/wikipedia/commons/3/3d/Mosaic_of_Justinianus_I_-_Basilica_San_Vitale_%28Ravenna%29.jpg,4,15,images/016_.jpg,53.0,102537,2377,4.0,2.0,3.0
17,Justin II,Justin II,Flavius Iustinus,Justinianic,Justinianus,565,578,13,Nephew of Justinian I. Lost most of Italy to the Lombards after 568. Wars with Persia went badly. Suffered mental breakdown; wife Sophia governed in his later years.,Adopted Tiberios as Caesar and co-ruler in 574 due to his incapacity,https://upload.wikimedia.org/wikipedia/commons/thumb/8/8c/Solidus_of_Justin_II_%28obverse%29.jpg/500px-Solidus_of_Justin_II_%28obverse%29.jpg,11,8,images/017_.jpg,46.0,24994,323,47.0,25.0,36.0
18,Tiberios II,Tiberios II the Constantine,Flavius Tiberius Constantinus,Non-dynastic,Non-dynastic,578,582,4,Popular general adopted by Justin II. Generous to the point of depleting the treasury. Fought Persia and faced Avar and Slav pressure on the Balkans.,Caesar and co-ruler from 574; sole emperor from 578,https://upload.wikimedia.org/wikipedia/commons/thumb/5/5a/Tiberios_II_%28obverse%29.jpg/500px-Tiberios_II_%28obverse%29.jpg,10,10,images/018_.jpg,56.0,29573,226,43.0,45.0,44.0
19,Maurikios,Maurikios,Flavius Mauricius Tiberius,Non-dynastic,Non-dynastic,582,602,20,Capable military emperor. Stabilized the eastern frontier with Persia. Created the Exarchates of Ravenna and Carthage. Wrote a military manual. Executed with his sons by Phokas.,Made his son Theodosios co-emperor,https://upload.wikimedia.org/wikipedia/commons/3/3b/Solidus_of_Maurice_%28transitional_issue%29.png,8,12,images/019_.png,52.0,46871,384,18.0,19.0,18.5
20,Phokas,Phokas,Flavius Phocas,Non-dynastic,Non-dynastic,602,610,8,Low-ranking soldier who led a mutiny against Maurikios. Brutal reign marked by purges. Lost territory to Persia. Overthrown by Herakleios.,Sole emperor,https://upload.wikimedia.org/wikipedia/commons/thumb/e/e2/Phocas%2C_British_Museum.jpg/500px-Phocas%2C_British_Museum.jpg,4,1,images/020_.jpg,27.0,23627,356,49.0,22.0,35.5
21,Herakleios,Herakleios,Flavius Heraclius,Heraklean,Herakleios,610,641,31,"Made Greek the official language. Dramatic comeback against Persia in the 620s recovered all lost territory. The Arab conquests then stripped away Egypt, Syria, and Mesopotamia permanently.",Made his sons Constantine III and Heraklonas co-emperors,https://upload.wikimedia.org/wikipedia/commons/thumb/7/71/Heraclius_solidus.jpg/500px-Heraclius_solidus.jpg,20,17,images/021_.jpg,94.0,62599,992,8.0,5.0,6.5
22,Constantine III,Constantine III,Flavius Heracleus Novus Constantinus,Heraklean,Herakleios,641,641,1,"Son of Herakleios. Died after only a few months, possibly poisoned by his stepmother Martina.",Co-emperor with father from 613; briefly co-ruled with half-brother Heraklonas,https://upload.wikimedia.org/wikipedia/commons/d/db/Solidus_Heraclius_Constantine_Obverse.jpg,14,10,images/022_.jpg,52.0,110,55,83.0,78.0,80.5
23,Heraklonas,Heraklonas,Flavius Heraclianus,Heraklean,Herakleios,641,641,1,Son of Herakleios and Martina. Child emperor ruled by his mother. Both exiled and mutilated after a few months.,Co-emperor with half-brother Constantine III; mother Martina held real power,https://upload.wikimedia.org/wikipedia/commons/thumb/6/6c/Solidus_Heraclius_sb_767_%28obverse%29.png/400px-Solidus_Heraclius_sb_767_%28obverse%29.png,14,7,images/023_.png,49.0,22587,156,53.0,61.0,57.0
24,Constans II,Constans II,Flavius Heracleus Constantinus,Heraklean,Herakleios,641,668,27,"Fought the Arab advance with limited success. Moved to Syracuse, the only emperor to abandon Constantinople. Murdered in his bath.","Made his sons Constantine IV, Herakleios, and Tiberios co-emperors",https://upload.wikimedia.org/wikipedia/commons/8/84/Solidus_Constans_II_%28obverse%29.jpg,13,12,images/024_.jpg,62.0,31588,257,39.0,37.5,38.25
25,Constantine IV,Constantine IV,Flavius Constantinus,Heraklean,Herakleios,668,685,17,Repelled the first Arab siege of Constantinople 674-678 using Greek fire. Convened the Third Council of Constantinople. Forced recognition of Bulgaria.,Co-emperor under Constans II; forced to demote brothers Herakleios and Tiberios as co-emperors,https://upload.wikimedia.org/wikipedia/commons/d/db/Solidus_Heraclius_Constantine_Obverse.jpg,13,15,images/025_.jpg,71.0,26763,231,46.0,43.0,44.5
26,Justinian II,Justinian II Slit-Nose,Flavius Justinianus,Heraklean,Herakleios,685,711,26,Deposed in 695 with his nose cut off and sent into exile. Returned with Bulgarian and Khazar support in 705. Second reign marked by vengeance and erratic behavior. Murdered in a military revolt. Both reigns combined into one row.,Sole emperor in first reign; made his son Tiberios co-emperor in second reign,https://upload.wikimedia.org/wikipedia/commons/thumb/d/d1/Justinian_ii_%282%29.png/500px-Justinian_ii_%282%29.png,14,8,images/026_.png,52.0,29783,473,42.0,13.0,27.5
27,Leontios,Leontios,Leontius,Non-dynastic,Non-dynastic,695,698,3,General who overthrew Justinian II. Himself deposed by Tiberios III. Later executed when Justinian II returned.,Sole ruler; usurper,https://upload.wikimedia.org/wikipedia/commons/8/8f/Solidus_of_Leontius.png,8,7,images/027_.png,37.0,22,1,89.0,89.0,89.0
28,Tiberios III,Tiberios III,Tiberius Apsimarus,Non-dynastic,Non-dynastic,698,705,7,Naval officer who overthrew Leontios. Reasonably competent reign. Executed when Justinian II returned.,Sole ruler; usurper,https://upload.wikimedia.org/wikipedia/commons/thumb/8/8e/Tiberius_III_solidus-2_%28cropped%29.png/500px-Tiberius_III_solidus-2_%28cropped%29.png,8,7,images/028_.png,37.0,22784,119,51.0,69.0,60.0
29,Philippikos,Philippikos,Philippicus Bardanes,Non-dynastic,Non-dynastic,711,713,2,Armenian general who overthrew Justinian II. Monothelite in theology. Overthrown by his own troops.,Sole ruler; usurper,https://upload.wikimedia.org/wikipedia/commons/4/48/Solidus_of_Philippicus.png,10,4,images/029_.png,32.0,9990,114,73.0,70.0,71.5
30,Anastasios II,Anastasios II,Flavius Artemius Anastasius,Non-dynastic,Non-dynastic,713,715,2,Capable administrator who attempted to reform the army. Deposed by military revolt. Later attempted a comeback and was executed.,Sole emperor,https://upload.wikimedia.org/wikipedia/commons/7/7e/Anastasius_II_sb1464_%28obverse%29.jpg,9,8,images/030_.jpg,42.0,345,4,82.0,87.0,84.5
31,Theodosios III,Theodosios III,Theodosius,Non-dynastic,Non-dynastic,715,717,2,Tax official elevated by a mutinous army. Abdicated voluntarily in favor of Leo III.,Sole emperor,https://upload.wikimedia.org/wikipedia/commons/9/9c/Coin_of_Theodosius_III.png,10,9,images/031_.png,35.0,21522,135,54.0,65.0,59.5
32,Leo III,Leo III the Isaurian,Conon,Isaurian,Leo,717,741,24,Defended Constantinople against the second great Arab siege of 717-718. Initiated the iconoclast controversy from 726. Reorganized the theme system.,Made his son Constantine V co-emperor in 720,https://upload.wikimedia.org/wikipedia/commons/thumb/a/a6/Solidus_of_Leo_III_sb1504.png/500px-Solidus_of_Leo_III_sb1504.png,19,19,images/032_.png,94.0,38065,387,26.0,18.0,22.0
33,Constantine V,Constantine V Kopronymos,Flavius Constantinus,Isaurian,Leo,741,775,34,"Vigorous military emperor and committed iconoclast. Convened the iconoclast Council of Hiereia in 754. Won significant victories against Bulgaria and the Arabs. Deeply reviled by later pro-icon sources, making his reign hard to evaluate fairly.",Co-emperor under Leo III from 720; displaced briefly by usurper Artabasdos 741-743; made his son Leo IV co-emperor,https://upload.wikimedia.org/wikipedia/commons/thumb/6/6b/Solidus_of_Constantine_V_%28transparent_background%29.png/500px-Solidus_of_Constantine_V_%28transparent_background%29.png,17,17,images/033_.png,85.0,41816,267,23.0,34.0,28.5
34,Artabasdos,Artabasdos,Artabasdus,Non-dynastic,Artabasdos,741,743,2,Son-in-law of Leo III who briefly seized power during Constantine V's absence. Pro-icon. Defeated and blinded by Constantine V.,Usurper; made his sons co-emperors,https://upload.wikimedia.org/wikipedia/commons/f/f6/Solidus_of_Artabasdos.png,8,4,images/034_.png,28.0,7880,44,75.0,80.5,77.75
35,Leo IV,Leo IV the Khazar,Flavius Leo,Isaurian,Leo,775,780,5,"Son of Constantine V. Moderate iconoclast. Died young, leaving his widow Eirene as regent for Constantine VI.",Co-emperor under Constantine V; made his son Constantine VI co-emperor,https://upload.wikimedia.org/wikipedia/commons/thumb/b/bf/Gold_Solidus_of_Leo_IV.jpg/500px-Gold_Solidus_of_Leo_IV.jpg,9,11,images/035_.jpg,51.0,8271,181,74.0,52.0,63.0
36,Constantine VI,Constantine VI,Flavius Constantinus,Isaurian,Leo,780,797,17,"Ruled under his mother Eirene's regency, then in his own right. Blinded and deposed by his own mother.",Co-emperor under Leo IV; ruled jointly with Eirene until he asserted sole rule,https://upload.wikimedia.org/wikipedia/commons/thumb/8/87/INC-3040-r_%D0%A1%D0%BE%D0%BB%D0%B8%D0%B4._%D0%9A%D0%BE%D0%BD%D1%81%D1%82%D0%B0%D0%BD%D1%82%D0%B8%D0%BD_VI_%D0%B8_%D0%98%D1%80%D0%B8%D0%BD%D0%B0._793%E2%80%94979_%D0%B3%D0%B3._%28%D1%80%D0%B5%D0%B2%D0%B5%D1%80%D1%81%29.png/500px-INC-3040-r_%D0%A1%D0%BE%D0%BB%D0%B8%D0%B4._%D0%9A%D0%BE%D0%BD%D1%81%D1%82%D0%B0%D0%BD%D1%82%D0%B8%D0%BD_VI_%D0%B8_%D0%98%D1%80%D0%B8%D0%BD%D0%B0._793%E2%80%94979_%D0%B3%D0%B3._%28%D1%80%D0%B5%D0%B2%D0%B5%D1%80%D1%81%29.png,10,7,images/036_.png,41.0,15888,210,65.0,47.0,56.0
37,Eirene,Eirene,Eirene,Isaurian,Non-dynastic,797,802,5,First woman to rule the empire in her own name. Restored icon veneration. Deposed by her own finance minister.,Had been regent and co-empress for Constantine VI before deposing him; ruled alone,https://upload.wikimedia.org/wikipedia/commons/thumb/b/bf/Gold_Solidus_of_Leo_IV.jpg/500px-Gold_Solidus_of_Leo_IV.jpg,9,12,images/037_.jpg,54.0,49127,442,16.0,14.0,15.0
38,Nikephoros I,Nikephoros I,Nicephorus,Non-dynastic,Non-dynastic,802,811,9,"Finance minister who overthrew Eirene. Capable administrator. Killed fighting the Bulgarians at Pliska in 811, the first emperor to die in battle against a foreign enemy since Valens.",Made his son Staurakios co-emperor,https://upload.wikimedia.org/wikipedia/commons/thumb/f/f1/INC-1870-a_%D0%A1%D0%BE%D0%BB%D0%B8%D0%B4._%D0%9D%D0%B8%D0%BA%D0%B8%D1%84%D0%BE%D1%80_I_%D0%B8_%D0%B5%D0%B3%D0%BE_%D1%81%D1%8B%D0%BD_%D0%A1%D1%82%D0%B0%D0%B2%D1%80%D0%B0%D0%BA%D0%B8%D0%B9._%D0%9E%D0%BA._803%E2%80%94811_%D0%B3%D0%B3._%28%D0%B0%D0%B2%D0%B5%D1%80%D1%81%29.png/500px-INC-1870-a_%D0%A1%D0%BE%D0%BB%D0%B8%D0%B4._%D0%9D%D0%B8%D0%BA%D0%B8%D1%84%D0%BE%D1%80_I_%D0%B8_%D0%B5%D0%B3%D0%BE_%D1%81%D1%8B%D0%BD_%D0%A1%D1%82%D0%B0%D0%B2%D1%80%D0%B0%D0%BA%D0%B8%D0%B9._%D0%9E%D0%BA._803%E2%80%94811_%D0%B3%D0%B3._%28%D0%B0%D0%B2%D0%B5%D1%80%D1%81%29.png,8,14,images/038_.png,52.0,18726,255,59.0,39.0,49.0
39,Staurakios,Staurakios,Stauracius,Non-dynastic,Non-dynastic,811,811,1,"Son of Nikephoros I, wounded in the same battle as his father. Died of his wounds after a few months.",Co-emperor under Nikephoros I,https://upload.wikimedia.org/wikipedia/commons/thumb/8/81/INC-1546-r_%D0%A1%D0%BE%D0%BB%D0%B8%D0%B4_%D0%9D%D0%B8%D0%BA%D0%B8%D1%84%D0%BE%D1%80_I_%D0%B8_%D0%A1%D1%82%D0%B0%D0%B2%D1%80%D0%B0%D0%BA%D0%B8%D0%B9_%D0%BE%D0%BA._803-811_%D0%B3%D0%B3._%28%D0%B0%D0%B2%D0%B5%D1%80%D1%81%29.png/500px-INC-1546-r_%D0%A1%D0%BE%D0%BB%D0%B8%D0%B4_%D0%9D%D0%B8%D0%BA%D0%B8%D1%84%D0%BE%D1%80_I_%D0%B8_%D0%A1%D1%82%D0%B0%D0%B2%D1%80%D0%B0%D0%BA%D0%B8%D0%B9_%D0%BE%D0%BA._803-811_%D0%B3%D0%B3._%28%D0%B0%D0%B2%D0%B5%D1%80%D1%81%29.png,16,4,images/039_.png,42.0,37736,129,27.0,66.0,46.5
40,Michael I,Michael I Rhangabe,Michael Rhangabe,Non-dynastic,Rhangabe,811,813,2,"Brother-in-law of Staurakios. Pious and ineffective. Lost a major battle to Bulgaria and abdicated, becoming a monk.",Made his sons co-emperors,https://upload.wikimedia.org/wikipedia/commons/d/dc/Michael_II_in_the_Madrid_Skylitzes.jpg,10,6,images/040_.jpg,38.0,0,0,90.0,90.0,90.0
41,Leo V,Leo V the Armenian,Leo,Non-dynastic,Non-dynastic,813,820,7,General who overthrew Michael I. Revived iconoclasm. Murdered in the palace chapel on Christmas Day.,Made his son Symbatios co-emperor,https://upload.wikimedia.org/wikipedia/commons/8/89/Leo_V_in_Madrid_Skylitzes.jpg,12,14,images/041_.jpg,61.0,30553,175,41.0,54.0,47.5
42,Michael II,Michael II the Amorian,Michael,Amorian,Amorian,820,829,9,Low-born soldier who murdered Leo V. Founded the Amorian dynasty. Moderate iconoclast. Faced the serious revolt of Thomas the Slav.,Made his son Theophilos co-emperor,https://upload.wikimedia.org/wikipedia/commons/d/dc/Michael_II_in_the_Madrid_Skylitzes.jpg,14,10,images/042_.jpg,61.0,22740,178,52.0,53.0,52.5
43,Theophilos,Theophilos,Theophilus,Amorian,Amorian,829,842,13,"Cultivated, architecturally ambitious emperor. Last iconoclast emperor. Fought the Arabs with mixed results.",Co-emperor under Michael II; made his son Michael III co-emperor,https://upload.wikimedia.org/wikipedia/commons/3/3e/Theophilos_%28cropped%29.jpg,10,12,images/043_.jpg,56.0,33533,184,32.0,51.0,41.5
44,Michael III,Michael III the Drunkard,Michael,Amorian,Amorian,842,867,25,Last of the Amorian dynasty. Child emperor under his mother Theodora's regency. Icon veneration permanently restored in 843. Christianization of the Slavs began under his reign. Murdered by Basil I.,Made Basil I co-emperor in 866,https://upload.wikimedia.org/wikipedia/commons/0/0e/Michael_iii.jpg,11,9,images/044_.jpg,64.0,33900,262,31.0,36.0,33.5
45,Basil I,Basil I the Macedonian,Basil,Macedonian,Makedon,867,886,19,Macedonian peasant who rose to become co-emperor and murdered Michael III. Founded the Macedonian dynasty. Capable military and legislative emperor.,Co-emperor under Michael III 866-867; made sons Konstantinos and Leo VI co-emperors,https://upload.wikimedia.org/wikipedia/commons/thumb/9/9f/Roman_Emperor_Basil_I.png/500px-Roman_Emperor_Basil_I.png,7,15,images/045_.png,62.0,34684,403,29.0,16.0,22.5
46,Leo VI,Leo VI the Wise,Leo,Macedonian,Makedon,886,912,26,Prolific legislator who completed the Basilika law code. Fourth marriage caused a major church crisis. Military reverses against Bulgaria and the Arabs.,Co-emperor under Basil I from 870; made his brother Alexander co-emperor,https://upload.wikimedia.org/wikipedia/commons/thumb/f/f5/Emperor_Leo_VI_detail.jpg/500px-Emperor_Leo_VI_detail.jpg,6,16,images/046_.jpg,57.0,24765,285,48.0,31.5,39.75
47,Alexander,Alexander,Alexander,Macedonian,Makedon,912,913,1,"Brother of Leo VI. Brief sole reign. Repudiated peace with Bulgaria, leading to devastating war. Died of illness.",Co-emperor under Leo VI for decades; brief sole reign,https://upload.wikimedia.org/wikipedia/commons/1/1d/Alexandros_mosaic.jpg,9,7,images/047_.jpg,39.0,34728,775,28.0,7.0,17.5
48,Constantine VII,Constantine VII Porphyrogennetos,Constantine,Macedonian,Makedon,913,959,46,Long reign mostly spent under regencies and the domination of Romanos I Lekapenos. A patron of learning who wrote important administrative and ceremonial texts.,Nominal emperor from infancy; dominated by Romanos I Lekapenos 920-944; made his son Romanos II co-emperor,https://upload.wikimedia.org/wikipedia/commons/thumb/7/7f/Constantine_VII_Porphyrogenitus_%282%29.jpeg/500px-Constantine_VII_Porphyrogenitus_%282%29.jpeg,9,12,images/048_.jpeg,63.0,27033,544,45.0,10.0,27.5
49,Romanos I,Romanos I Lekapenos,Romanos Lekapenos,Macedonian,Lekapenos,920,944,24,Admiral who married his daughter to Constantine VII and made himself senior emperor. Issued legislation protecting small farmers. Deposed by his own sons.,Senior co-emperor alongside the legitimate Constantine VII; made his sons co-emperors,https://upload.wikimedia.org/wikipedia/commons/thumb/0/0a/Seal_of_Romanos_I_Lekapenos.png/500px-Seal_of_Romanos_I_Lekapenos.png,7,15,images/049_.png,59.0,34319,189,30.0,49.0,39.5
50,Romanos II,Romanos II,Romanos,Macedonian,Makedon,959,963,4,Son of Constantine VII. Short reign. The general Nikephoros Phokas won major victories against the Arabs. Died young under suspicious circumstances.,Co-emperor under Constantine VII from 945; made his sons Basil II and Constantine VIII co-emperors,https://upload.wikimedia.org/wikipedia/commons/1/1c/Romanos_et_Eudoxie_%28cropped2%29.JPG,6,10,images/050_.jpg,42.0,13126,240,67.0,42.0,54.5
51,Nikephoros II,Nikephoros II Phokas,Nicephorus Phocas,Macedonian,Phokas,963,969,6,Great general who conquered Cilicia and parts of Syria. Married the empress-widow Theophano. Murdered by his nephew John Tzimiskes.,Ruled alongside the child co-emperors Basil II and Constantine VIII,https://upload.wikimedia.org/wikipedia/commons/thumb/8/89/Nikephoros_Phokas.jpg/500px-Nikephoros_Phokas.jpg,10,17,images/051_.jpg,71.0,38975,300,24.0,29.0,26.5
52,John I,John I Tzimiskes,John Tzimiskes,Macedonian,Tzimiskes,969,976,7,"Brilliant military emperor who murdered Nikephoros II. Pushed deep into Syria and Palestine. Died of illness, possibly poisoned.",Ruled alongside the child co-emperors Basil II and Constantine VIII,https://upload.wikimedia.org/wikipedia/commons/thumb/b/bd/Bamberg_Gunthertuch.jpg/500px-Bamberg_Gunthertuch.jpg,5,18,images/052_.jpg,64.0,18449,264,61.0,35.0,48.0
53,Basil II,Basil II the Bulgar-Slayer,Basil,Macedonian,Makedon,976,1025,49,"Longest-reigning Byzantine emperor. Destroyed Bulgaria in a long war, blinding 15,000 prisoners. Christianized Kievan Rus through the baptism of Vladimir I. Left the treasury overflowing.",Co-emperor from infancy under Nikephoros II and John I Tzimiskes; ruled alongside brother Constantine VIII throughout,https://upload.wikimedia.org/wikipedia/commons/thumb/d/dc/Basilios_II.jpg/500px-Basilios_II.jpg,8,20,images/053_.jpg,76.0,80680,925,6.0,6.0,6.0
54,Constantine VIII,Constantine VIII,Constantine,Macedonian,Makedon,1025,1028,3,"Brother of Basil II, nominal co-emperor for decades. Sole reign was short and ineffective. Married his daughter Zoe to a series of emperors.",Co-emperor under Basil II for nearly 50 years; brief sole reign,https://upload.wikimedia.org/wikipedia/commons/8/88/Constantine_VIII_in_the_Exultet_roll_%282%29.jpg,1,11,images/054_.jpg,17.0,16719,223,64.0,46.0,55.0
55,Romanos III,Romanos III Argyros,Romanos Argyros,Macedonian,Argyros,1028,1034,6,"Prefect of Constantinople who married the empress Zoe. Pretentious and militarily incompetent. Found drowned in his bath, almost certainly murdered.",Ruled jointly with empress Zoe,https://upload.wikimedia.org/wikipedia/commons/5/5d/Romanos_III_in_Madrid_Skylitzes.png,2,6,images/055_.png,34.0,52,17,85.0,84.0,84.5
56,Michael IV,Michael IV the Paphlagonian,Michael,Paphlagonian,Paphlagonians,1034,1041,7,Young man of humble origin who caught empress Zoe's attention. Real power held by his brother John the Orphanotrophos. Suffered from epilepsy.,Ruled jointly with empress Zoe; his nephew Michael V was made co-emperor near end of reign,https://upload.wikimedia.org/wikipedia/commons/b/b0/Michael_IV_the_Paphlagonian_%28cropped%29.jpg,3,11,images/056_.jpg,46.0,17534,197,62.0,48.0,55.0
57,Michael V,Michael V Kalaphates,Michael Kalaphates,Paphlagonian,Paphlagonians,1041,1042,1,"Nephew of Michael IV, adopted by Zoe. Attempted to exile Zoe and rule alone, triggering a popular revolt. Blinded and deposed.",Initially co-emperor with empress Zoe; attempted sole rule,https://upload.wikimedia.org/wikipedia/commons/5/5f/Michael_V_in_Madrid_Skylitzes.jpg,3,4,images/057_.jpg,30.0,356,6,81.0,86.0,83.5
58,Zoe,Zoe (with Theodora),Zoe Porphyrogenita,Macedonian,Makedon,1042,1042,1,Daughter of Constantine VIII. Briefly ruled jointly with her sister Theodora after the people of Constantinople overthrew Michael V.,Ruled jointly with sister Theodora,https://upload.wikimedia.org/wikipedia/commons/3/3f/Zoe_mosaic_Hagia_Sophia.jpg,5,10,images/058_.jpg,44.0,32,12,88.0,85.0,86.5
59,Theodora,Theodora,Theodora Porphyrogenita,Macedonian,Makedon,1042,1056,14,"Daughter of Constantine VIII. Ruled jointly with Zoe briefly, then as sole empress after Zoe's marriage to Constantine IX, and finally alone after his death. Last of the Macedonian dynasty.",Co-ruled with Zoe in 1042; otherwise sole empress,https://upload.wikimedia.org/wikipedia/commons/3/37/Theodora_Porphyrogenita_crown-2.jpg,5,10,images/059_.jpg,44.0,3404,27,77.0,83.0,80.0
60,Constantine IX,Constantine IX Monomachos,Constantine Monomachos,Macedonian,Monomachos,1042,1055,13,Married empress Zoe to gain the throne. Ineffective ruler who reduced the military budget. The Great Schism between Rome and Constantinople occurred in 1054.,"Ruled jointly with empress Zoe until her death in 1050, then alongside Theodora",https://upload.wikimedia.org/wikipedia/commons/9/94/Emperor_Constantine_IX.jpg,6,12,images/060_.jpg,56.0,39,77,87.0,75.0,81.0
61,Michael VI,Michael VI Bringas,Michael Bringas,Non-dynastic,Non-dynastic,1056,1057,1,Elderly official chosen by Theodora's court. Unable to manage the military aristocracy. Abdicated after Isaac Komnenos raised a revolt.,Sole emperor,https://upload.wikimedia.org/wikipedia/commons/thumb/9/9e/Tetarteron_of_Michael_VI_%28reverse%29.png/500px-Tetarteron_of_Michael_VI_%28reverse%29.png,7,5,images/061_.png,33.0,6898,111,76.0,72.0,74.0
62,Isaac I,Isaac I Komnenos,Isaac Komnenos,Komnenian,Komnenos,1057,1059,2,"First of the Komnenian family to rule. Energetic reformer who tried to restore financial and military order. Abdicated voluntarily, becoming a monk.",Sole emperor,https://upload.wikimedia.org/wikipedia/commons/b/b7/Hyperpyron_of_Andronikos_I_%28reverse%29.jpg,8,10,images/062_.jpg,54.0,31977,172,36.0,55.0,45.5
63,Constantine X,Constantine X Doukas,Constantine Doukas,Doukas,Doukas,1059,1067,8,Civilian bureaucrat. Reduced military spending further. The Seljuk Turks began raiding Anatolia under his reign.,Made his sons Michael VII and Konstantios co-emperors,https://upload.wikimedia.org/wikipedia/commons/d/d6/Constantine_X_full_portrait.jpg,12,8,images/063_.jpg,46.0,10580,163,71.0,59.0,65.0
64,Romanos IV,Romanos IV Diogenes,Romanos Diogenes,Doukas,Diogenes,1068,1071,3,"Military emperor who married the empress-dowager Eudokia. Defeated and captured by the Seljuks at Mantzikert in 1071, the catastrophic turning point that opened Anatolia to Turkish settlement.","Ruled alongside the Doukas co-emperors Michael VII, Konstantios, and Andronikos",https://upload.wikimedia.org/wikipedia/commons/2/2a/Romanus_IV_coin_crop.png,17,9,images/064_.png,61.0,38779,293,25.0,30.0,27.5
65,Michael VII,Michael VII Doukas,Michael Doukas,Doukas,Doukas,1071,1078,7,Son of Constantine X. Scholarly but ineffective. His reign saw the loss of most of Anatolia to the Seljuks. Abdicated and became a monk.,Co-emperor under Constantine X and Romanos IV; made his son Constantine co-emperor,https://upload.wikimedia.org/wikipedia/commons/5/5a/Michael_VII_Doukas_from_the_Khakhuli_Triptych.png,13,6,images/065_.png,44.0,19317,170,56.0,57.0,56.5
66,Nikephoros III,Nikephoros III Botaneiates,Nikephoros Botaneiates,Non-dynastic,Botaneiates,1078,1081,3,Elderly general who seized the throne. Unable to manage multiple revolts. Abdicated when Alexios Komnenos marched on Constantinople.,Ruled alongside the child co-emperor Constantine Doukas,https://upload.wikimedia.org/wikipedia/commons/6/67/Nikephoros_III.jpg,12,7,images/066_.jpg,45.0,51900,147,14.0,64.0,39.0
67,Alexios I,Alexios I Komnenos,Alexius Comnenus,Komnenian,Komnenos,1081,1118,37,"Founded the Komnenian system of government based on family networks. Appealed to the west for help, triggering the First Crusade. Gradually recovered western Anatolia.",Made his son John II co-emperor,https://upload.wikimedia.org/wikipedia/commons/8/8c/Alexios_I_Komnenos.jpg,19,18,images/067_.jpg,94.0,42197,643,22.0,9.0,15.5
68,John II,John II Komnenos,John Comnenus,Komnenian,Komnenos,1118,1143,25,"Considered by many the best of the Komnenian emperors. Vigorous campaigns in Anatolia, the Balkans, and Syria. Died in a hunting accident.",Co-emperor under Alexios I from 1092; made his son Manuel I co-emperor,https://upload.wikimedia.org/wikipedia/commons/thumb/e/e2/Jean_II_Comnene.jpg/400px-Jean_II_Comnene.jpg,12,17,images/068_.jpg,81.0,55659,314,10.0,27.5,18.75
69,Manuel I,Manuel I Komnenos,Manuel Comnenus,Komnenian,Komnenos,1143,1180,37,Ambitious western-oriented emperor who intervened heavily in Italian and crusader politics. Devastating defeat by the Seljuks at Myriokephalon in 1176.,Co-emperor under John II; made his son Alexios II co-emperor,https://upload.wikimedia.org/wikipedia/commons/a/af/Manuel_I_Comnenus.jpg,10,13,images/069_.jpg,69.0,83212,436,5.0,15.0,10.0
70,Alexios II,Alexios II Komnenos,Alexius Comnenus,Komnenian,Komnenos,1180,1183,3,Son of Manuel I. Child emperor under his mother's regency. Strangled on the orders of his cousin Andronikos I.,Co-emperor under Manuel I; mother Maria of Antioch acted as regent,https://upload.wikimedia.org/wikipedia/commons/thumb/d/d1/Seal_of_Alexios_II_Komnenos.png/500px-Seal_of_Alexios_II_Komnenos.png,8,6,images/070_.png,40.0,10924,160,70.0,60.0,65.0
71,Andronikos I,Andronikos I Komnenos,Andronicus Comnenus,Komnenian,Komnenos,1183,1185,2,Last of the Komnenian dynasty. Charismatic adventurer who seized power. Attempted radical administrative reform. Lynched by a Constantinople mob when the Normans invaded.,Initially co-emperor with Alexios II before having him killed,https://upload.wikimedia.org/wikipedia/commons/b/b7/Hyperpyron_of_Andronikos_I_%28reverse%29.jpg,8,2,images/071_.jpg,30.0,52079,375,13.0,20.0,16.5
72,Isaac II,Isaac II Angelos,Isaac Angelos,Angelid,Angelos,1185,1195,10,"Founded the Angelid dynasty. Defeated the Norman invasion. Failed to suppress the Bulgarian revolt that created the Second Bulgarian Empire. Deposed and blinded by his brother Alexios III. Briefly restored in 1203 by the Fourth Crusade alongside his son Alexios IV, but blind and powerless; killed when Alexios V seized power in 1204.",Made his son Alexios IV co-emperor,https://upload.wikimedia.org/wikipedia/commons/thumb/d/d8/144_-_Isaac_II_Angelos_%28Mutinensis_-_color%29.png/500px-144_-_Isaac_II_Angelos_%28Mutinensis_-_color%29.png,15,10,images/072_.png,60.0,23251,257,50.0,37.5,43.75
73,Alexios III,Alexios III Angelos,Alexius Angelos,Angelid,Angelos,1195,1203,8,Brother who overthrew Isaac II. Ineffective ruler who presided over the empire's accelerating decline. Fled when the Fourth Crusade appeared before Constantinople.,Sole emperor,https://upload.wikimedia.org/wikipedia/commons/thumb/c/ca/145_-_Alexios_III_Angelos_%28Mutinensis_-_color%29.png/500px-145_-_Alexios_III_Angelos_%28Mutinensis_-_color%29.png,12,2,images/073_.png,30.0,14993,171,66.0,56.0,61.0
74,Alexios IV,Alexios IV Angelos,Alexius Angelos,Angelid,Angelos,1203,1204,1,Son of Isaac II who invited the Fourth Crusade to restore his father. Unable to pay the crusaders what he had promised. Strangled by Alexios V.,Co-ruled with his father Isaac II,https://upload.wikimedia.org/wikipedia/commons/thumb/1/1c/146_-_Alexios_IV_Angelos_%28Mutinensis_-_color%29.png/500px-146_-_Alexios_IV_Angelos_%28Mutinensis_-_color%29.png,18,1,images/075_.png,42.0,11003,121,69.0,68.0,68.5
75,Alexios V,Alexios V Mourtzouphlos,Alexius Doukas Mourtzouphlos,Non-dynastic,Doukas,1204,1204,1,Seized power promising to defend the city against the crusaders. Constantinople fell to the Fourth Crusade in April 1204. Fled and was later executed.,Sole emperor; usurper,https://upload.wikimedia.org/wikipedia/commons/thumb/c/ca/147_-_Alexios_V_Doukas_%28Mutinensis_-_color%29.png/500px-147_-_Alexios_V_Doukas_%28Mutinensis_-_color%29.png,20,2,images/076_.png,49.0,18936,165,57.0,58.0,57.5
76,Theodore I,Theodore I Laskaris,Theodore Lascaris,Laskarid,Laskaris,1204,1222,18,"Founded the Empire of Nikaia after the Latin conquest of Constantinople. Fought the Latins, Bulgarians, and Seljuks to establish a viable rump state. Crowned emperor in 1208.",Sole emperor of Nikaia,https://upload.wikimedia.org/wikipedia/commons/8/86/148_-_Theodore_I_Laskaris_%28Mutinensis_-_color%29.png,19,14,images/077_.png,80.0,43970,149,21.0,63.0,42.0
77,John III,John III Doukas Vatatzes,John Doukas Vatatzes,Laskarid,Vatatzes,1222,1254,32,Greatest emperor of the Nikaia period. Expanded the empire significantly. Sound economic administration. Venerated as a saint in the Orthodox church.,Made his son Theodore II co-emperor,https://upload.wikimedia.org/wikipedia/commons/thumb/2/24/149_-_John_III_Doukas_Vatatzes_%28Mutinensis_-_color%29.png/500px-149_-_John_III_Doukas_Vatatzes_%28Mutinensis_-_color%29.png,16,18,images/078_.png,83.0,27944,112,44.0,71.0,57.5
78,Theodore II,Theodore II Laskaris,Theodore Lascaris,Laskarid,Laskaris,1254,1258,4,Son of John III. Intellectual emperor who wrote theological and scientific works. Suspicious of the aristocracy. Died of epilepsy.,Co-emperor under John III; made his son John IV co-emperor,https://upload.wikimedia.org/wikipedia/commons/8/86/148_-_Theodore_I_Laskaris_%28Mutinensis_-_color%29.png,14,12,images/079_.png,64.0,55467,104,11.0,73.0,42.0
79,John IV,John IV Laskaris,John Lascaris,Laskarid,Laskaris,1258,1261,3,"Child emperor, son of Theodore II. Blinded and imprisoned by Michael VIII Palaiologos after the recovery of Constantinople.",Co-emperor alongside Michael VIII from 1259,https://upload.wikimedia.org/wikipedia/commons/thumb/2/26/151_-_John_IV_Laskaris_%28Mutinensis_-_color%29.png/500px-151_-_John_IV_Laskaris_%28Mutinensis_-_color%29.png,15,5,images/080_.png,45.0,84,126,84.0,67.0,75.5
80,Michael VIII,Michael VIII Palaiologos,Michael Palaeologus,Palaiologan,Palaiologos,1261,1282,21,Recovered Constantinople from the Latins in 1261. Founded the Palaiologan dynasty. Attempted union with Rome to ward off western threats. The Sicilian Vespers of 1282 relieved the western threat. Blinded the legitimate heir John IV Laskaris to secure his own dynasty.,"Initially co-emperor with John IV Laskaris, whom he blinded; made his son Andronikos II co-emperor",https://upload.wikimedia.org/wikipedia/commons/thumb/6/67/Miniature_of_Michael_VIII.png/500px-Miniature_of_Michael_VIII.png,16,16,images/081_.png,80.0,44635,314,20.0,27.5,23.75
81,Andronikos II,Andronikos II Palaiologos,Andronicus Palaeologus,Palaiologan,Palaiologos,1282,1328,46,"Long reign marked by financial difficulty, the disastrous hiring of the Catalan Company, and civil war with his grandson Andronikos III. The Ottoman emirate consolidated during his reign.",Co-emperor under Michael VIII from 1261; made his son Michael IX and later grandson Andronikos III co-emperors,https://upload.wikimedia.org/wikipedia/commons/thumb/5/54/Miniature_of_Andronikos_II.png/500px-Miniature_of_Andronikos_II.png,18,4,images/082_.png,48.0,31721,250,38.0,40.0,39.0
82,Michael IX,Michael IX Palaiologos,Michael Palaeologus,Palaiologan,Palaiologos,1294,1320,26,Co-emperor son of Andronikos II. Never ruled alone. Military setbacks against the Bulgarians and Turks. Died of grief after his son accidentally caused the death of another of his sons.,Co-emperor only; never sole ruler,https://upload.wikimedia.org/wikipedia/commons/6/60/154_-_Michael_IX_Palaiologos_%28Mutinensis_-_color%29.png,15,10,images/083_.png,60.0,46370,71,19.0,77.0,48.0
83,Andronikos III,Andronikos III Palaiologos,Andronicus Palaeologus,Palaiologan,Palaiologos,1328,1341,13,Overthrew his grandfather Andronikos II after civil war. Energetic but faced relentless Ottoman expansion. Last emperor to lead a significant military campaign in Anatolia.,Co-emperor under Andronikos II from 1316; made his son John V co-emperor,https://upload.wikimedia.org/wikipedia/commons/d/df/Andronikos_III_Palaiologos.jpg,18,12,images/084_.jpg,72.0,18528,187,60.0,50.0,55.0
84,John V,John V Palaiologos,John Palaeologus,Palaiologan,Palaiologos,1341,1391,50,Longest-reigning Palaiologan emperor though interrupted by usurpers. Devastating civil war of 1341-1347. The Black Death and inexorable Ottoman advance defined his reign. Personally converted to Roman Catholicism.,Co-emperor under Andronikos III; dominated by John VI Kantakouzenos 1347-1354; displaced by his son Andronikos IV 1376-1379 and briefly by grandson John VII in 1390,https://upload.wikimedia.org/wikipedia/commons/thumb/3/37/Restored_mosaic_of_John_V_Palaiologos_%28head%29.jpg/400px-Restored_mosaic_of_John_V_Palaiologos_%28head%29.jpg,17,7,images/085_.jpg,55.0,17194,248,63.0,41.0,52.0
85,John VI,John VI Kantakouzenos,John Cantacuzenus,Kantakouzenos,Kantakouzenos,1347,1354,7,Aristocrat and general who won the civil war against John V's regents. Fatally invited Ottoman forces into Europe as allies. Abdicated and became a monk and historian.,Ruled as senior co-emperor alongside the legitimate John V,https://upload.wikimedia.org/wikipedia/commons/thumb/2/22/John_VI_Kantakouzenos.jpg/500px-John_VI_Kantakouzenos.jpg,17,1,images/086_.jpg,37.0,18927,153,58.0,62.0,60.0
86,Andronikos IV,Andronikos IV Palaiologos,Andronicus Palaeologus,Palaiologan,Palaiologos,1376,1379,3,Son of John V who rebelled against his father with Ottoman support. Briefly held Constantinople. Reconciled and made co-emperor.,Usurper against his father John V; later recognized as co-emperor,https://upload.wikimedia.org/wikipedia/commons/thumb/5/54/Miniature_of_Andronikos_II.png/500px-Miniature_of_Andronikos_II.png,17,6,images/087_.png,52.0,9994,93,72.0,74.0,73.0
87,John VII,John VII Palaiologos,John Palaeologus,Palaiologan,Palaiologos,1390,1390,1,Grandson of John V who briefly seized Constantinople with Ottoman support. Reconciled with the family. Later served as regent and governor of Thessalonike.,Brief usurper; later legitimate co-emperor and regent,https://upload.wikimedia.org/wikipedia/commons/thumb/3/37/Restored_mosaic_of_John_V_Palaiologos_%28head%29.jpg/500px-Restored_mosaic_of_John_V_Palaiologos_%28head%29.jpg,17,5,images/088_.jpg,49.0,49889,75,15.0,76.0,45.5
88,Manuel II,Manuel II Palaiologos,Manuel Palaeologus,Palaiologan,Palaiologos,1391,1425,34,Cultivated and able emperor facing an impossible situation. Survived the Ottoman siege of 1394-1402. Timur's defeat of the Ottomans at Ankara in 1402 gave the empire a reprieve. A noted writer.,Co-emperor under John V from 1373; made his son John VIII co-emperor,https://upload.wikimedia.org/wikipedia/commons/9/92/Manuel_II_Palaiologos_%28cropped%29.jpg,19,10,images/089_.jpg,66.0,31002,285,40.0,31.5,35.75
89,John VIII,John VIII Palaiologos,John Palaeologus,Palaiologan,Palaiologos,1425,1448,23,Son of Manuel II. Attended the Council of Florence in 1439 and agreed to union with Rome in exchange for promised western aid. The union was deeply unpopular at home and the crusade was destroyed at Varna in 1444.,Co-emperor under Manuel II from 1421; made his brother Constantine XI co-emperor near death,https://upload.wikimedia.org/wikipedia/commons/thumb/2/24/Palaio.jpg/500px-Palaio.jpg,18,8,images/090_.jpg,60.0,12033,275,68.0,33.0,50.5
90,Constantine XI,Constantine XI Palaiologos Dragases,Constantine Palaeologus Dragases,Palaiologan,Palaiologos,1449,1453,4,Last Byzantine emperor. Defended Constantinople with inadequate forces against Mehmed II. Died fighting when the walls were breached on 29 May 1453. Became a legendary figure in Greek folk memory.,Sole emperor at the end; no co-emperor,https://upload.wikimedia.org/wikipedia/commons/thumb/b/b6/Konstantinos_XI_Palaiologos_fresco_%28less_edited%29.jpg/500px-Konstantinos_XI_Palaiologos_fresco_%28less_edited%29.jpg,20,12,images/091_.jpg,70.0,40,44,86.0,80.5,83.25
